{
  "name": "",
  "formula": "BeO",
  "spacegroup": "FM3M",
  "cell": {
    "a": 2.57056319843,
    "b": 2.57056319843,
    "c": 2.57056319843,
    "alpha": 59.9999990467,
    "beta": 59.9999988878,
    "gamma": 59.9999988878
  },
  "volume": 81.0525,
  "xyz": [
    {
      "atom": "O",
      "x": 1.817662715690351,
      "y": 1.817662681960172,
      "z": 1.817662653229993
    },
    {
      "atom": "Be",
      "x": 0.000000000000000,
      "y": 0.000000000000000,
      "z": 0.000000000000000
    }
  ]
}
