{
	"name": " Calcium oxide - wurtzite-type, unstable",
	"formula": "CaO",
	"spacegroup": "P6-3MC",
	"cell": {
		"a": 3.90775183174,
		"b": 3.90775,
		"c": 4.71121,
		"alpha": 90.0,
		"beta": 90.0,
		"gamma": 120.000069146
	},
	"volume": 420.4504,
	"xyz": [
{ "atom": "Ca", "x": 1.128069998871930, "y": 1.953873335287210, "z": 0.000000000000000},{ "atom": "Ca", "x": 2.256140001128070, "y": -0.000003335287210, "z": 2.355605000000000},{ "atom": "O", "x": 1.128069998871930, "y": 1.953873335287210, "z": 2.355605000000000},{ "atom": "O", "x": 2.256140001128070, "y": -0.000003335287210, "z": 0.000000000000000}	]
}
