{
	"name": " Dicesium oxide",
	"formula": "Cs2O",
	"spacegroup": "R-3MH",
	"cell": {
		"a": 6.88217363873,
		"b": 6.88217354531,
		"c": 6.88217349198,
		"alpha": 35.7133184435,
		"beta": 35.7133189606,
		"gamma": 35.7133180534
	},
	"volume": 670.0775,
	"xyz": [
{ "atom": "Cs", "x": 0.940273415477321, "y": 0.542867109537680, "z": 4.945291948022904},{ "atom": "Cs", "x": 2.725091628997666, "y": 1.573332385568199, "z": 14.332398926396982},{ "atom": "O", "x": 0.000000000000000, "y": 0.000000000000000, "z": 0.000000000000000}	]
}
