{
	"name": " Copper oxide",
	"formula": "CuO",
	"spacegroup": "FM-3M",
	"cell": {
		"a": 2.86717657636,
		"b": 2.86717657636,
		"c": 2.86717657636,
		"alpha": 60.0,
		"beta": 60.0,
		"gamma": 60.0
	},
	"volume": 112.4716,
	"xyz": [
{ "atom": "O", "x": 2.027400000000000, "y": 2.027400000000000, "z": 2.027400000000000},{ "atom": "Cu", "x": 0.000000000000000, "y": 0.000000000000000, "z": 0.000000000000000}	]
}
