{
	"name": " Copper oxide",
	"formula": "CuO",
	"spacegroup": "C12-C1",
	"cell": {
		"a": 2.86742474361,
		"b": 2.86743888381,
		"c": 4.96299125362,
		"alpha": 106.90293007,
		"beta": 106.902638669,
		"gamma": 60.0225707074
	},
	"volume": 224.6892,
	"xyz": [
{ "atom": "O", "x": 2.157570111804630, "y": -0.717580117385934, "z": 0.992032034073331},{ "atom": "O", "x": 1.523805636228400, "y": 0.717576039693812, "z": 3.388675526463227},{ "atom": "Cu", "x": 1.237183815563650, "y": 0.717103015242240, "z": -0.104448922274706},{ "atom": "Cu", "x": 0.603563803439640, "y": -0.717106628714758, "z": 2.294793964156468}	]
}
