{
	"name": " Copper oxide",
	"formula": "CuO",
	"spacegroup": "C1-C1",
	"cell": {
		"a": 2.67303042303,
		"b": 2.6710020908,
		"c": 5.13562222716,
		"alpha": 95.773488603,
		"beta": 95.3295287884,
		"gamma": 95.7859616906
	},
	"volume": =,
	"xyz": [
{ "atom": "O", "x": 1.346632673306154, "y": -0.278437256395646, "z": 1.162633786028746},{ "atom": "O", "x": 1.047581312465500, "y": 0.255699871606700, "z": 3.693768379160604},{ "atom": "Cu", "x": 2.150421402502360, "y": -0.707492982548920, "z": 5.084578994208649},{ "atom": "Cu", "x": 2.468124900435770, "y": 0.693805315350950, "z": 2.558339157875679}	]
}
