{
	"name": " Iron oxide - HT",
	"formula": "FeO",
	"spacegroup": "FM-3M",
	"cell": {
		"a": 2.89946870323,
		"b": 2.89946870323,
		"c": 2.89946870323,
		"alpha": 60.0,
		"beta": 60.0,
		"gamma": 60.0
	},
	"volume": 116.3153,
	"xyz": [
{ "atom": "Fe", "x": 0.000000000000000, "y": 0.000000000000000, "z": 0.000000000000000},{ "atom": "O", "x": 2.050233981894962, "y": 2.050233981894962, "z": 2.050233981894962}	]
}
