{
	"name": " Magnesium oxide - wurtzite-type",
	"formula": "MgO",
	"spacegroup": "P6-3MC",
	"cell": {
		"a": 3.47541826031,
		"b": 3.47542,
		"c": 4.21105,
		"alpha": 90.0,
		"beta": 90.0,
		"gamma": 120.000016559
	},
	"volume": 297.2572,
	"xyz": [
{ "atom": "Mg", "x": 1.00326666566340e+00, "y": 1.73771000173771e+00, "z": 4.01070207851030e+00},{ "atom": "Mg", "x": 2.00653333433660e+00, "y": -1.73770997591305e-09, "z": 1.90517707851030e+00},{ "atom": "O", "x": 1.00326666566340e+00, "y": 1.73771000173771e+00, "z": 1.90413875148970e+00},{ "atom": "O", "x": 2.00653333433660e+00, "y": -1.73770997591305e-09, "z": 4.00966375148970e+00}	]
}
