{
	"name": " Nickel oxide",
	"formula": "NiO",
	"spacegroup": "R-3MH",
	"cell": {
		"a": 2.60454386905,
		"b": 2.60454233529,
		"c": 2.60454233529,
		"alpha": 60.1757974756,
		"beta": 60.1758505644,
		"gamma": 60.1758505644
	},
	"volume": 84.6451,
	"xyz": [
{ "atom": "Ni", "x": 0.000000000000000, "y": 0.000000000000000, "z": 0.000000000000000},{ "atom": "O", "x": 0.000001000000000, "y": 0.000000000000000, "z": 3.185655000000000}	]
}
