{
	"name": " Nickel oxide",
	"formula": "NiO",
	"spacegroup": "FM-3M",
	"cell": {
		"a": 2.60739968708,
		"b": 2.60739968708,
		"c": 2.60739968708,
		"alpha": 60.0,
		"beta": 60.0,
		"gamma": 60.0
	},
	"volume": 84.5869,
	"xyz": [
{ "atom": "Ni", "x": 0.000000000000000, "y": 0.000000000000000, "z": 0.000000000000000},{ "atom": "O", "x": 1.843710000000000, "y": 1.843710000000000, "z": 1.843710000000000}	]
}
