{
	"name": " Nickel oxide",
	"formula": "NiO",
	"spacegroup": "C12-M1",
	"cell": {
		"a": 2.60477438469,
		"b": 2.60477438469,
		"c": 2.60391416295,
		"alpha": 119.825170443,
		"beta": 119.825170443,
		"gamma": 60.2151374962
	},
	"volume": 84.6636,
	"xyz": [
{ "atom": "Ni", "x": 0.000000000000000, "y": 0.000000000000000, "z": 0.000000000000000},{ "atom": "O", "x": 1.503530000000000, "y": 0.000000000000000, "z": 1.067107410000000}	]
}
