{
	"name": " Zinc oxide - wurtzite-type",
	"formula": "ZnO",
	"spacegroup": "P63MC",
	"cell": {
		"a": 3.04509657308,
		"b": 3.04509657308,
		"c": 4.92662,
		"alpha": 90.0,
		"beta": 90.0,
		"gamma": 119.999925545
	},
	"volume": 266.9790,
	"xyz": [
{ "atom": "Zn", "x": 1.522550000000000, "y": 0.879043350914200, "z": 4.919439914452280},{ "atom": "Zn", "x": 1.522550000000000, "y": -0.879043350914200, "z": 2.456129914452280},{ "atom": "O", "x": 1.522550000000000, "y": 0.879043350914200, "z": 1.853677261547720},{ "atom": "O", "x": 1.522550000000000, "y": -0.879043350914200, "z": 4.316987261547720}	]
}
